ImageId,PredictedLabel,TrueLabel
1,17,17
2,5,5
3,5,5
4,7,7
5,8,8
6,1,1
7,29,29
8,25,25
9,4,4
10,23,23
11,3,3
12,20,20
13,28,28
14,11,11
15,32,32
16,3,3
17,21,21
18,22,22
19,15,15
20,3,3
21,1,1
22,13,13
23,31,31
24,11,11
25,14,14
26,6,6
27,25,25
28,32,32
29,14,14
30,33,33
31,24,24
32,13,13
33,31,31
34,17,17
35,11,11
36,27,27
37,2,2
38,2,2
39,9,9
40,7,7
41,31,31
42,27,27
43,14,14
44,22,22
45,29,29
46,16,16
47,13,13
48,0,0
49,24,24
50,5,5
51,14,14
52,12,12
53,5,5
54,7,7
55,11,11
56,21,21
57,26,26
58,10,10
59,14,14
60,12,12
61,23,23
62,11,11
63,21,21
64,7,7
65,13,13
66,33,33
67,17,17
68,34,34
69,8,8
70,20,20
71,9,9
72,7,7
73,8,8
74,33,33
75,14,14
76,4,4
77,32,32
78,19,19
79,11,23
80,23,23
81,8,8
82,8,8
83,10,10
84,0,0
85,19,10
86,11,17
87,2,2
88,1,1
89,27,27
90,17,17
91,21,21
92,32,32
93,2,2
94,31,31
95,13,13
96,1,1
97,10,10
98,27,27
99,17,17
100,26,26
101,13,13
102,13,13
103,5,5
104,26,26
105,24,24
106,10,10
107,19,19
108,31,31
109,0,0
110,20,20
111,29,29
112,26,26
113,25,25
114,30,30
115,23,23
116,30,30
117,31,31
118,23,23
119,15,15
120,3,3
121,34,34
122,8,8
123,33,33
124,12,12
125,19,19
126,34,34
127,0,0
128,24,24
129,3,3
130,11,11
131,18,18
132,17,17
133,21,21
134,1,1
135,31,31
136,20,20
137,7,7
138,21,21
139,28,28
140,14,14
141,6,6
142,22,22
143,10,10
144,22,22
145,33,33
146,33,33
147,10,10
148,33,33
149,0,0
150,34,34
151,21,21
152,21,21
153,28,28
154,30,30
155,7,7
156,15,15
157,16,16
158,20,20
159,19,10
160,18,18
161,2,2
162,16,16
163,18,18
164,19,19
165,26,26
166,11,11
167,7,7
168,13,13
169,15,15
170,25,25
171,28,28
172,19,19
173,16,16
174,11,11
175,8,8
176,24,24
177,4,4
178,29,29
179,11,11
180,7,7
181,30,30
182,9,9
183,2,2
184,10,10
185,19,19
186,7,7
187,26,26
188,16,16
189,21,21
190,27,27
191,11,11
192,16,16
193,22,22
194,9,9
195,5,5
196,9,9
197,26,26
198,0,0
199,25,25
200,16,16
201,22,22
202,25,25
203,24,24
204,11,11
205,14,14
206,31,31
207,24,24
208,27,27
209,5,5
210,6,6
211,17,17
212,5,5
213,30,30
214,19,19
215,18,18
216,8,8
217,29,29
218,0,0
219,31,31
220,24,24
221,14,14
222,10,10
223,30,30
224,23,23
225,12,12
226,16,16
227,22,22
228,25,25
229,4,4
230,29,29
231,32,32
232,21,21
233,9,9
234,13,13
235,27,27
236,24,24
237,15,15
238,34,34
239,3,3
240,24,24
241,25,25
242,12,12
243,25,25
244,4,4
245,32,32
246,25,25
247,32,32
248,4,4
249,3,3
250,33,33
251,33,33
252,5,5
253,11,11
254,6,6
255,24,24
256,31,31
257,8,8
258,6,6
259,1,1
260,29,29
261,17,17
262,6,6
263,27,27
264,19,19
265,23,23
266,18,18
267,0,0
268,12,12
269,9,9
270,13,13
271,6,6
272,33,33
273,18,18
274,2,2
275,0,0
276,15,15
277,26,26
278,30,30
279,27,27
280,32,32
281,28,28
282,10,10
283,3,3
284,14,14
285,30,30
286,18,18
287,3,3
288,13,13
289,8,8
290,19,19
291,9,9
292,5,5
293,29,29
294,14,14
295,0,0
296,3,3
297,4,4
298,8,8
299,4,4
300,34,34
301,12,12
302,15,15
303,12,12
304,32,32
305,23,23
306,14,14
307,28,28
308,7,7
309,5,5
310,5,5
311,18,18
312,10,20
313,23,23
314,9,9
315,4,4
316,21,21
317,34,34
318,4,4
319,23,23
320,15,15
321,10,10
322,9,9
323,23,23
324,8,8
325,20,20
326,32,32
327,29,29
328,24,24
329,8,8
330,11,11
331,23,23
332,24,24
333,27,27
334,27,27
335,16,16
336,16,16
337,13,13
338,2,2
339,7,7
340,30,30
341,22,22
342,3,3
343,0,0
344,0,0
345,22,22
346,27,27
347,32,32
348,9,9
349,28,28
350,2,2
351,20,20
352,2,2
353,33,33
354,27,27
355,12,12
356,32,32
357,28,28
358,33,33
359,31,31
360,4,4
361,20,20
362,0,0
363,4,4
364,22,22
365,5,5
366,4,4
367,22,22
368,18,18
369,30,30
370,33,33
371,14,14
372,17,17
373,14,14
374,4,4
375,5,5
376,19,19
377,9,9
378,6,6
379,31,31
380,26,26
381,3,3
382,29,29
383,10,10
384,8,8
385,34,34
386,24,24
387,32,32
388,29,29
389,19,19
390,16,16
391,4,4
392,5,5
393,4,4
394,28,28
395,25,25
396,20,20
397,24,24
398,1,1
399,29,29
400,18,18
401,3,3
402,32,32
403,4,4
404,8,8
405,13,13
406,32,32
407,1,1
408,31,31
409,16,16
410,5,5
411,29,29
412,32,32
413,17,17
414,21,21
415,24,24
416,22,22
417,26,26
418,15,15
419,27,27
420,27,27
421,32,32
422,22,22
423,22,22
424,0,0
425,6,6
426,3,3
427,33,33
428,9,9
429,3,3
430,9,9
431,1,1
432,17,17
433,13,13
434,10,10
435,27,27
436,33,33
437,10,10
438,29,29
439,27,27
440,5,5
441,12,12
442,25,25
443,0,0
444,4,4
445,29,29
446,12,12
447,30,30
448,27,27
449,33,33
450,5,5
451,24,24
452,26,26
453,23,23
454,22,22
455,30,30
456,2,2
457,26,26
458,12,12
459,27,27
460,19,19
461,4,4
462,31,31
463,15,15
464,26,26
465,7,7
466,13,13
467,26,26
468,28,28
469,15,15
470,34,34
471,34,34
472,0,0
473,5,5
474,30,30
475,21,21
476,15,15
477,31,31
478,22,22
479,34,34
480,4,4
481,27,27
482,14,14
483,31,31
484,28,28
485,5,5
486,4,4
487,23,23
488,27,27
489,11,11
490,16,16
491,34,34
492,23,23
493,11,11
494,29,29
495,16,16
496,5,5
497,32,32
498,25,25
499,18,18
500,28,28
501,31,31
502,3,3
503,26,26
504,18,18
505,9,9
506,24,24
507,24,24
508,22,22
509,3,3
510,0,0
511,12,12
512,19,19
513,8,8
514,0,0
515,29,29
516,28,28
517,31,31
518,26,26
519,18,18
520,14,14
521,1,1
522,27,27
523,23,23
524,8,8
525,4,4
526,30,30
527,29,29
528,28,28
529,10,10
530,10,10
531,7,7
532,8,8
533,9,9
534,8,8
535,33,33
536,22,22
537,30,30
538,11,11
539,27,27
540,11,17
541,10,10
542,1,1
543,9,9
544,24,24
545,1,1
546,14,14
547,22,22
548,5,5
549,8,8
550,2,2
551,21,21
552,25,25
553,30,30
554,34,34
555,30,30
556,12,12
557,9,9
558,1,1
559,13,13
560,17,17
561,10,10
562,24,24
563,15,15
564,30,30
565,3,3
566,30,30
567,21,21
568,17,17
569,25,25
570,31,31
571,27,27
572,5,5
573,23,23
574,3,3
575,5,5
576,22,22
577,14,14
578,31,31
579,17,17
580,16,16
581,4,4
582,33,33
583,33,33
584,20,20
585,24,24
586,21,21
587,6,6
588,23,23
589,33,33
590,26,26
591,14,14
592,29,29
593,8,8
594,32,32
595,20,20
596,0,0
597,27,27
598,16,16
599,34,34
600,19,19
601,19,19
602,17,17
603,4,4
604,28,28
605,7,7
606,34,34
607,20,20
608,28,28
609,21,21
610,21,21
611,34,34
612,26,26
613,9,9
614,15,15
615,25,25
616,8,8
617,28,28
618,32,32
619,14,14
620,11,11
621,32,32
622,8,8
623,17,17
624,12,12
625,26,26
626,28,28
627,6,6
628,1,1
629,25,25
630,17,17
631,21,21
632,7,7
633,6,6
634,33,33
635,0,0
636,30,30
637,7,7
638,25,25
639,16,16
640,1,1
641,20,20
642,24,24
643,1,1
644,33,33
645,26,26
646,24,24
647,6,6
648,2,2
649,16,16
650,9,9
651,10,10
652,32,32
653,0,0
654,21,21
655,3,3
656,6,6
657,13,13
658,8,8
659,25,25
660,26,26
661,13,13
662,23,23
663,8,8
664,10,10
665,14,14
666,13,13
667,10,10
668,15,15
669,13,13
670,22,22
671,15,15
672,2,2
673,12,12
674,26,26
675,13,13
676,34,34
677,20,20
678,12,12
679,15,15
680,19,10
681,14,14
682,4,4
683,24,24
684,7,7
685,15,15
686,14,14
687,21,21
688,32,32
689,10,10
690,12,12
691,3,3
692,25,25
693,17,17
694,17,17
695,8,8
696,25,25
697,30,30
698,30,30
699,1,1
700,21,21
701,4,4
702,18,18
703,25,25
704,28,28
705,13,13
706,26,26
707,32,32
708,11,11
709,6,6
710,12,12
711,29,29
712,9,9
713,20,20
714,34,34
715,20,20
716,13,13
717,17,17
718,8,8
719,11,11
720,20,20
721,13,13
722,27,27
723,13,13
724,19,19
725,1,1
726,30,30
727,24,24
728,1,1
729,33,33
730,5,5
731,31,31
732,4,4
733,11,11
734,3,3
735,9,9
736,19,19
737,21,21
738,4,4
739,9,9
740,10,10
741,25,25
742,32,32
743,13,13
744,22,22
745,20,20
746,2,2
747,11,11
748,17,17
749,7,7
750,31,31
751,1,1
752,18,18
753,1,1
754,4,4
755,7,7
756,12,12
757,27,27
758,6,6
759,5,5
760,14,14
761,19,19
762,9,9
763,9,9
764,2,2
765,21,21
766,21,21
767,17,17
768,30,30
769,20,20
770,16,16
771,34,34
772,33,33
773,7,7
774,6,6
775,2,2
776,7,7
777,16,16
778,18,18
779,6,6
780,21,21
781,20,20
782,21,21
783,25,25
784,24,24
785,25,25
786,2,2
787,25,25
788,33,33
789,26,26
790,26,26
791,34,34
792,9,9
793,10,10
794,12,12
795,32,32
796,28,28
797,29,29
798,20,20
799,9,9
800,13,13
801,13,13
802,18,18
803,13,13
804,23,23
805,14,14
806,27,27
807,17,17
808,5,5
809,33,33
810,7,7
811,7,7
812,26,26
813,15,15
814,19,19
815,15,15
816,14,14
817,32,32
818,2,2
819,25,25
820,30,30
821,23,23
822,11,11
823,19,19
824,22,22
825,26,26
826,15,15
827,15,15
828,9,9
829,13,13
830,0,0
831,32,32
832,25,25
833,30,30
834,18,18
835,33,33
836,23,23
837,2,2
838,18,18
839,23,23
840,27,27
841,26,26
842,16,16
843,23,23
844,21,21
845,18,18
846,2,2
847,25,25
848,24,24
849,24,24
850,22,22
851,5,5
852,19,19
853,2,2
854,6,6
855,29,29
856,25,25
857,26,26
858,14,14
859,7,7
860,31,31
861,28,28
862,34,34
863,17,17
864,8,8
865,29,29
866,26,26
867,31,31
868,13,13
869,10,10
870,5,5
871,6,6
872,1,1
873,21,21
874,34,34
875,14,14
876,27,27
877,14,14
878,12,12
879,10,10
880,21,21
881,1,1
882,19,19
883,11,11
884,30,30
885,9,9
886,33,33
887,15,15
888,1,1
889,18,18
890,0,0
891,0,0
892,1,1
893,34,34
894,15,15
895,9,9
896,5,5
897,19,19
898,7,7
899,17,17
900,9,9
901,16,16
902,6,6
903,19,19
904,32,32
905,21,27
906,33,33
907,23,23
908,7,7
909,29,29
910,15,15
911,5,5
912,27,27
913,1,1
914,29,29
915,0,0
916,16,16
917,14,14
918,17,17
919,10,10
920,33,33
921,32,32
922,13,13
923,17,17
924,20,20
925,4,4
926,34,34
927,13,13
928,4,4
929,31,31
930,0,0
931,10,10
932,19,19
933,18,18
934,10,10
935,4,4
936,30,30
937,10,10
938,6,6
939,32,32
940,8,8
941,22,22
942,21,21
943,9,9
944,13,13
945,19,19
946,11,11
947,2,2
948,7,7
949,21,21
950,15,15
951,33,33
952,23,23
953,23,23
954,20,20
955,21,21
956,18,18
957,14,14
958,18,18
959,7,7
960,5,5
961,31,31
962,25,25
963,22,22
964,19,19
965,26,26
966,11,11
967,15,15
968,33,33
969,0,0
970,3,3
971,4,4
972,23,23
973,27,27
974,16,16
975,2,2
976,14,14
977,16,16
978,17,17
979,6,6
980,29,29
981,6,6
982,4,4
983,34,34
984,33,33
985,11,11
986,24,24
987,27,27
988,10,10
989,0,0
990,21,21
991,13,13
992,33,33
993,6,6
994,9,9
995,13,13
996,30,30
997,23,23
998,14,14
999,4,4
1000,0,0
1001,30,30
1002,33,33
1003,10,10
1004,26,26
1005,5,5
1006,1,1
1007,0,0
1008,29,29
1009,22,22
1010,18,18
1011,24,24
1012,23,23
1013,31,31
1014,17,17
1015,31,31
1016,23,23
1017,19,19
1018,5,5
1019,29,29
1020,13,13
1021,24,24
1022,21,21
1023,29,29
1024,29,29
1025,15,15
1026,32,32
1027,11,17
1028,8,8
1029,11,11
1030,27,27
1031,31,31
1032,12,12
1033,15,15
1034,33,33
1035,0,0
1036,11,11
1037,10,10
1038,30,30
1039,33,33
1040,30,30
1041,27,27
1042,10,10
1043,2,2
1044,26,26
1045,8,8
1046,10,10
1047,8,8
1048,30,30
1049,17,17
1050,3,3
1051,11,11
1052,21,21
1053,20,20
1054,12,12
1055,20,20
1056,11,11
1057,8,8
1058,23,23
1059,20,20
1060,9,9
1061,14,14
1062,1,1
1063,9,9
1064,27,27
1065,19,19
1066,23,23
1067,3,3
1068,16,16
1069,3,3
1070,24,24
1071,8,8
1072,29,29
1073,15,15
1074,24,24
1075,0,0
1076,11,11
1077,33,33
1078,3,3
1079,26,26
1080,12,12
1081,33,33
1082,2,2
1083,22,22
1084,18,18
1085,11,17
1086,1,1
1087,19,19
1088,2,2
1089,14,14
1090,11,11
1091,21,21
1092,28,28
1093,22,22
1094,2,2
1095,16,16
1096,2,2
1097,6,6
1098,6,6
1099,8,8
1100,1,1
1101,21,21
1102,33,33
1103,17,17
1104,7,7
1105,15,15
1106,10,10
1107,6,6
1108,27,27
1109,1,1
1110,33,33
1111,6,6
1112,25,25
1113,4,4
1114,3,3
1115,3,3
1116,14,14
1117,10,10
1118,32,32
1119,28,28
1120,22,22
1121,19,19
1122,2,2
1123,17,17
1124,9,9
1125,25,25
1126,8,8
1127,1,1
1128,31,31
1129,7,7
1130,11,11
1131,12,12
1132,23,23
1133,1,1
1134,7,7
1135,0,0
1136,2,2
1137,28,28
1138,33,33
1139,3,3
1140,17,17
1141,10,10
1142,20,20
1143,15,15
1144,13,13
1145,13,13
1146,33,33
1147,17,17
1148,22,22
1149,13,13
1150,26,26
1151,20,20
1152,30,30
1153,31,31
1154,21,21
1155,7,7
1156,2,2
1157,4,4
1158,31,31
1159,21,21
1160,17,17
1161,15,15
1162,9,9
1163,29,29
1164,27,27
1165,34,34
1166,23,23
1167,27,27
1168,7,7
1169,18,18
1170,12,12
1171,8,8
1172,1,1
1173,0,0
1174,9,9
1175,28,28
1176,18,18
1177,19,10
1178,24,24
1179,13,13
1180,5,5
1181,26,26
1182,14,14
1183,1,1
1184,30,30
1185,11,11
1186,15,15
1187,19,19
1188,13,13
1189,23,23
1190,19,19
1191,26,26
1192,16,16
1193,26,26
1194,13,13
1195,8,8
1196,5,5
1197,20,20
1198,12,12
1199,3,3
1200,15,15
1201,7,7
1202,0,0
1203,15,15
1204,26,26
1205,13,13
1206,2,2
1207,13,13
1208,16,16
1209,7,7
1210,22,22
1211,3,3
1212,21,21
1213,4,4
1214,17,17
1215,0,0
1216,34,34
1217,1,1
1218,21,21
1219,0,0
1220,13,13
1221,25,25
1222,15,15
1223,33,33
1224,32,32
1225,7,7
1226,13,13
1227,18,18
1228,7,7
1229,7,7
1230,0,0
1231,20,20
1232,34,34
1233,7,7
1234,33,33
1235,0,0
1236,8,8
1237,25,25
1238,8,8
1239,17,17
1240,8,8
1241,14,14
1242,26,26
1243,25,25
1244,32,32
1245,15,15
1246,15,15
1247,8,8
1248,28,28
1249,32,32
1250,5,5
1251,14,14
1252,34,34
1253,27,27
1254,3,3
1255,4,4
1256,13,13
1257,18,18
1258,5,5
1259,22,22
1260,22,22
1261,30,30
1262,26,26
1263,4,4
1264,12,12
1265,24,24
1266,11,11
1267,1,1
1268,11,11
1269,0,0
1270,15,15
1271,9,9
1272,32,32
1273,0,0
1274,13,13
1275,0,0
1276,29,29
1277,31,31
1278,33,33
1279,9,9
1280,8,8
1281,3,3
1282,1,1
1283,14,14
1284,7,7
1285,6,6
1286,19,19
1287,6,6
1288,33,33
1289,20,20
1290,20,20
1291,16,16
1292,20,20
1293,15,15
1294,7,7
1295,13,13
1296,22,22
1297,34,34
1298,5,5
1299,31,31
1300,14,14
1301,3,3
1302,34,34
1303,15,15
1304,19,19
1305,19,19
1306,12,12
1307,2,2
1308,7,7
1309,29,29
1310,3,3
1311,2,2
1312,29,29
1313,19,19
1314,22,22
1315,27,27
1316,28,28
1317,5,13
1318,28,28
1319,34,34
1320,21,21
1321,0,0
1322,2,2
1323,22,22
1324,19,19
1325,1,1
1326,11,17
1327,19,19
1328,25,25
1329,28,28
1330,22,22
1331,16,16
1332,32,32
1333,30,30
1334,18,18
1335,28,28
1336,7,7
1337,24,24
1338,30,30
1339,6,6
1340,16,16
1341,32,32
1342,20,20
1343,14,14
1344,20,20
1345,5,5
1346,19,19
1347,29,29
1348,26,26
1349,9,9
1350,8,8
1351,33,33
1352,34,34
1353,4,4
1354,5,5
1355,26,26
1356,10,10
1357,6,6
1358,15,15
1359,3,3
1360,10,10
1361,7,7
1362,27,27
1363,21,21
1364,28,28
1365,20,20
1366,19,19
1367,31,31
1368,20,20
1369,6,6
1370,6,6
1371,30,30
1372,1,1
1373,3,3
1374,25,25
1375,19,19
1376,18,18
1377,11,11
1378,16,16
1379,17,17
1380,27,27
1381,6,6
1382,10,10
1383,27,27
1384,11,11
1385,26,26
1386,1,1
1387,9,9
1388,15,15
1389,23,23
1390,26,26
1391,11,11
1392,26,26
1393,20,20
1394,26,26
1395,6,6
1396,20,20
1397,13,13
1398,0,0
1399,12,12
1400,5,5
1401,30,30
1402,12,12
1403,16,16
1404,15,15
1405,26,26
1406,16,16
1407,27,28
1408,11,11
1409,26,26
1410,16,16
1411,9,9
1412,31,31
1413,11,11
1414,19,19
1415,20,20
1416,27,27
1417,33,33
1418,10,10
1419,4,4
1420,34,34
1421,12,12
1422,15,15
1423,33,33
1424,28,28
1425,25,25
1426,25,25
1427,21,21
1428,29,29
1429,10,10
1430,13,13
1431,25,25
1432,28,28
1433,11,11
1434,1,1
1435,23,30
1436,25,25
1437,19,19
1438,24,24
1439,12,12
1440,10,10
1441,7,7
1442,6,6
1443,14,14
1444,18,18
1445,6,6
1446,33,33
1447,28,28
1448,25,25
1449,0,0
1450,5,5
1451,7,7
1452,23,23
1453,32,32
1454,8,8
1455,30,30
1456,26,26
1457,3,3
1458,8,8
1459,5,5
1460,15,15
1461,23,23
1462,1,1
1463,0,0
1464,22,22
1465,2,2
1466,9,9
1467,5,5
1468,2,2
1469,1,1
1470,33,33
1471,18,27
1472,19,19
1473,34,34
1474,34,34
1475,11,23
1476,5,5
1477,5,5
1478,4,4
1479,30,30
1480,4,4
1481,18,18
1482,14,14
1483,9,9
1484,2,2
1485,7,7
1486,3,3
1487,2,2
1488,24,24
1489,33,33
1490,9,9
1491,13,13
1492,12,12
1493,14,14
1494,1,1
1495,33,33
1496,20,20
1497,21,21
1498,14,14
1499,8,8
1500,7,7
1501,0,0
1502,5,5
1503,9,9
1504,11,23
1505,28,28
1506,2,2
1507,2,2
1508,31,31
1509,16,16
1510,10,10
1511,26,26
1512,16,16
1513,29,29
1514,18,18
1515,25,25
1516,28,28
1517,34,34
1518,29,29
1519,10,10
1520,23,23
1521,9,9
1522,1,1
1523,21,21
1524,1,1
1525,34,34
1526,5,5
1527,7,7
1528,5,5
1529,28,28
1530,10,10
1531,25,25
1532,6,6
1533,24,24
1534,32,32
1535,30,30
1536,9,9
1537,5,5
1538,26,26
1539,16,16
1540,23,23
1541,0,0
1542,15,15
1543,7,7
1544,11,11
1545,4,4
1546,25,25
1547,11,11
1548,23,23
1549,10,10
1550,23,23
1551,0,0
1552,7,7
1553,31,31
1554,11,11
1555,8,8
1556,30,30
1557,12,12
1558,19,19
1559,18,18
1560,8,8
1561,2,2
1562,14,14
1563,7,7
1564,0,0
1565,5,5
1566,30,30
1567,31,31
1568,25,25
1569,16,16
1570,12,12
1571,1,1
1572,9,9
1573,5,5
1574,31,31
1575,26,26
1576,33,33
1577,28,28
1578,22,22
1579,19,10
1580,27,27
1581,3,3
1582,17,17
1583,11,23
1584,18,18
1585,31,31
1586,19,19
1587,5,5
1588,18,18
1589,32,32
1590,21,21
1591,25,25
1592,24,24
1593,9,9
1594,31,31
1595,27,27
1596,15,15
1597,3,3
1598,8,8
1599,13,13
1600,4,4
1601,17,17
1602,13,13
1603,22,22
1604,16,16
1605,21,21
1606,10,10
1607,8,8
1608,19,19
1609,15,15
1610,13,13
1611,8,8
1612,30,30
1613,5,5
1614,17,17
1615,17,17
1616,5,5
1617,21,21
1618,29,29
1619,17,17
1620,5,5
1621,12,12
1622,20,20
1623,4,4
1624,32,32
1625,14,14
1626,23,23
1627,10,10
1628,18,18
1629,28,28
1630,30,30
1631,18,18
1632,5,5
1633,15,15
1634,13,13
1635,12,12
1636,25,25
1637,23,23
1638,30,30
1639,10,10
1640,22,22
1641,26,26
1642,15,15
1643,31,31
1644,5,5
1645,9,9
1646,26,26
1647,0,0
1648,25,25
1649,30,30
1650,1,1
1651,29,29
1652,16,16
1653,5,5
1654,18,18
1655,3,3
1656,18,18
1657,21,21
1658,29,29
1659,1,1
1660,31,31
1661,26,26
1662,25,25
1663,0,0
1664,5,5
1665,34,34
1666,12,12
1667,23,23
1668,24,24
1669,19,19
1670,14,14
1671,31,31
1672,7,7
1673,23,23
1674,12,12
1675,20,20
1676,23,23
1677,4,4
1678,1,1
1679,10,10
1680,26,26
1681,0,0
1682,34,34
1683,0,0
1684,11,11
1685,20,20
1686,3,3
1687,17,17
1688,20,20
1689,22,22
1690,31,31
1691,32,32
1692,29,29
1693,20,20
1694,29,29
1695,7,7
1696,27,27
1697,0,0
1698,32,32
1699,11,17
1700,15,15
1701,8,8
1702,14,14
1703,34,34
1704,16,16
1705,29,29
1706,1,1
1707,23,23
1708,10,10
1709,11,11
1710,5,5
1711,34,34
1712,17,17
1713,30,30
1714,12,12
1715,12,12
1716,4,4
1717,28,28
1718,15,15
1719,22,22
1720,1,1
1721,7,7
1722,12,12
1723,31,31
1724,24,24
1725,20,20
1726,19,19
1727,25,25
1728,27,27
1729,12,12
1730,11,11
1731,4,4
1732,20,20
1733,24,24
1734,28,28
1735,15,15
1736,21,21
1737,2,2
1738,7,7
1739,26,26
1740,11,11
1741,27,27
1742,16,16
1743,13,13
1744,11,11
1745,19,19
1746,11,11
1747,19,19
1748,28,28
1749,7,7
1750,8,8
1751,22,22
1752,20,20
1753,33,33
1754,32,32
1755,9,9
1756,20,20
1757,2,2
1758,14,14
1759,9,9
1760,13,13
1761,7,7
1762,4,4
1763,10,10
1764,23,23
1765,23,23
1766,16,16
1767,33,33
1768,1,1
1769,1,1
1770,6,6
1771,25,25
1772,16,16
1773,16,16
1774,21,21
1775,28,28
1776,22,22
1777,34,34
1778,18,18
1779,22,22
1780,0,0
1781,1,1
1782,21,21
1783,9,9
1784,16,16
1785,27,27
1786,16,16
1787,26,26
1788,34,34
1789,19,19
1790,23,23
1791,17,17
1792,2,2
1793,16,16
1794,28,28
1795,5,5
1796,5,5
1797,13,13
1798,24,24
1799,16,16
1800,30,30
1801,25,25
1802,7,7
1803,28,28
1804,7,7
1805,22,22
1806,24,24
1807,29,29
1808,9,9
1809,16,16
1810,4,4
1811,11,11
1812,21,21
1813,28,28
1814,19,19
1815,12,12
1816,11,11
1817,8,8
1818,17,17
1819,26,26
1820,31,31
1821,2,2
1822,15,15
1823,11,17
1824,9,9
1825,34,34
1826,19,19
1827,28,28
1828,34,34
1829,13,13
1830,1,1
1831,10,10
1832,12,12
1833,18,18
1834,32,32
1835,10,10
1836,4,4
1837,19,19
1838,32,32
1839,12,12
1840,23,23
1841,24,24
1842,29,29
1843,4,4
1844,14,14
1845,33,33
1846,24,24
1847,24,24
1848,22,22
1849,34,34
1850,28,28
1851,33,33
1852,23,23
1853,30,30
1854,4,4
1855,34,34
1856,1,1
1857,19,19
1858,5,5
1859,10,10
1860,34,34
1861,9,9
1862,0,0
1863,26,26
1864,26,26
1865,19,19
1866,17,17
1867,25,25
1868,24,24
1869,4,4
1870,5,5
1871,2,2
1872,11,11
1873,17,17
1874,30,30
1875,22,22
1876,7,7
1877,12,12
1878,11,11
1879,17,17
1880,8,8
1881,31,31
1882,7,7
1883,10,10
1884,31,31
1885,26,26
1886,26,26
1887,31,31
1888,30,30
1889,12,12
1890,3,3
1891,29,29
1892,8,8
1893,33,33
1894,12,12
1895,13,13
1896,28,28
1897,27,27
1898,14,14
1899,24,24
1900,33,33
1901,14,14
1902,13,13
1903,5,5
1904,22,22
1905,21,21
1906,10,10
1907,17,17
1908,15,15
1909,21,21
1910,30,30
1911,2,2
1912,17,17
1913,24,24
1914,4,4
1915,16,16
1916,14,14
1917,11,11
1918,31,31
1919,7,7
1920,12,12
1921,22,22
1922,4,4
1923,4,4
1924,3,3
1925,2,2
1926,6,6
1927,29,29
1928,17,17
1929,20,20
1930,24,24
1931,33,33
1932,24,24
1933,32,32
1934,32,32
1935,19,19
1936,20,20
1937,32,32
1938,28,28
1939,24,24
1940,7,7
1941,2,2
1942,0,0
1943,10,10
1944,20,20
1945,9,9
1946,34,34
1947,21,21
1948,9,9
1949,32,32
1950,4,4
1951,4,4
1952,19,19
1953,33,33
1954,7,7
1955,20,20
1956,5,5
1957,31,31
1958,14,14
1959,32,32
1960,9,9
1961,24,24
1962,2,2
1963,27,27
1964,12,12
1965,5,5
1966,12,12
1967,4,4
1968,21,21
1969,16,16
1970,20,20
1971,13,13
1972,6,6
1973,14,14
1974,3,3
1975,11,11
1976,16,16
1977,30,30
1978,0,0
1979,6,6
1980,8,8
1981,27,27
1982,30,30
1983,28,28
1984,16,16
1985,21,21
1986,23,23
1987,30,30
1988,8,8
1989,8,8
1990,11,11
1991,11,11
1992,15,15
1993,24,24
1994,1,1
1995,21,21
1996,6,6
1997,18,18
1998,5,5
1999,22,22
2000,27,27
2001,30,30
2002,6,6
2003,11,23
2004,32,32
2005,8,8
2006,26,26
2007,14,14
2008,9,9
2009,14,14
2010,4,4
2011,33,33
2012,30,30
2013,16,16
2014,28,28
2015,1,1
2016,28,28
2017,17,17
2018,28,28
2019,27,27
2020,13,13
2021,20,20
2022,19,19
2023,14,14
2024,9,9
2025,8,8
2026,6,6
2027,20,20
2028,14,14
2029,15,15
2030,16,16
2031,32,32
2032,1,1
2033,3,3
2034,3,3
2035,19,19
2036,29,29
2037,31,31
2038,32,32
2039,31,31
2040,5,5
2041,16,16
2042,17,17
2043,20,20
2044,16,16
2045,16,16
2046,18,18
2047,33,33
2048,9,9
2049,29,29
2050,34,34
2051,23,23
2052,29,29
2053,32,32
2054,16,16
2055,26,26
2056,25,25
2057,1,1
2058,0,0
2059,2,2
2060,27,27
2061,18,18
2062,24,24
2063,8,8
2064,0,0
2065,28,28
2066,12,12
2067,5,5
2068,6,6
2069,34,34
2070,11,11
2071,21,21
2072,10,10
2073,30,30
2074,30,30
2075,0,0
2076,12,12
2077,9,9
2078,18,18
2079,33,33
2080,27,27
2081,33,33
2082,21,21
2083,22,22
2084,13,13
2085,18,18
2086,4,4
2087,2,2
2088,5,5
2089,18,18
2090,31,31
2091,24,24
2092,21,21
2093,25,25
2094,17,17
2095,31,31
2096,28,28
2097,28,28
2098,34,34
2099,24,24
2100,25,25
2101,25,25
2102,32,32
2103,3,3
2104,13,13
2105,30,30
2106,17,17
2107,4,4
2108,8,8
2109,31,31
2110,7,7
2111,22,22
2112,32,32
2113,3,3
2114,24,24
2115,5,5
2116,26,26
2117,29,29
2118,26,26
2119,10,10
2120,13,13
2121,18,18
2122,12,12
2123,24,24
2124,19,19
2125,21,21
2126,22,22
2127,20,20
2128,3,3
2129,24,24
2130,20,20
2131,10,10
2132,2,2
2133,32,32
2134,8,8
2135,9,9
2136,13,13
2137,18,18
2138,34,34
2139,12,12
2140,29,29
2141,12,12
2142,27,27
2143,16,16
2144,4,4
2145,29,29
2146,34,34
2147,18,18
2148,31,31
2149,5,5
2150,28,28
2151,23,23
2152,34,34
2153,34,34
2154,23,23
2155,23,23
2156,2,2
2157,29,29
2158,31,31
2159,29,29
2160,6,6
2161,0,0
2162,32,32
2163,20,20
2164,12,12
2165,20,20
2166,28,28
2167,21,21
2168,23,23
2169,19,10
2170,16,16
2171,1,1
2172,21,21
2173,22,22
2174,11,11
2175,18,18
2176,4,4
2177,2,2
2178,33,33
2179,2,2
2180,30,30
2181,13,13
2182,21,21
2183,24,24
2184,22,22
2185,17,17
2186,18,18
2187,28,28
2188,20,20
2189,7,7
2190,3,3
2191,12,12
2192,34,34
2193,18,18
2194,30,30
2195,27,27
2196,31,31
2197,8,8
2198,31,31
2199,6,6
2200,17,17
2201,18,18
2202,14,14
2203,17,17
2204,20,20
2205,24,24
2206,8,8
2207,1,1
2208,17,17
2209,1,1
2210,3,3
2211,32,32
2212,16,16
2213,19,19
2214,16,16
2215,33,33
2216,6,6
2217,28,28
2218,25,25
2219,3,3
2220,23,23
2221,20,20
2222,24,24
2223,7,7
2224,12,12
2225,34,34
2226,13,13
2227,21,21
2228,16,16
2229,7,7
2230,21,21
2231,7,7
2232,22,22
2233,1,1
2234,34,34
2235,3,3
2236,17,17
2237,21,21
2238,12,12
2239,23,23
2240,14,14
2241,25,25
2242,17,17
2243,14,14
2244,31,31
2245,10,10
2246,4,4
2247,31,31
2248,12,12
2249,13,13
2250,30,30
2251,3,3
2252,18,18
2253,24,24
2254,18,18
2255,2,2
2256,26,26
2257,33,33
2258,33,33
2259,20,20
2260,17,17
2261,20,20
2262,34,34
2263,1,1
2264,26,26
2265,22,22
2266,1,1
2267,32,32
2268,6,6
2269,28,28
2270,0,0
2271,15,15
2272,15,15
2273,6,6
2274,18,18
2275,18,18
2276,2,2
2277,31,31
2278,20,20
2279,24,24
2280,22,22
2281,10,10
2282,33,33
2283,31,31
2284,3,3
2285,23,23
2286,12,12
2287,14,14
2288,5,5
2289,3,3
2290,14,14
2291,24,24
2292,14,14
2293,2,2
2294,28,28
2295,9,9
2296,6,6
2297,31,31
2298,25,25
2299,7,7
2300,17,17
2301,26,26
2302,34,34
2303,24,24
2304,18,18
2305,34,34
2306,7,7
2307,27,27
2308,5,5
2309,10,20
2310,14,14
2311,17,17
2312,8,8
2313,31,31
2314,6,6
2315,11,11
2316,6,6
2317,12,12
2318,11,11
2319,18,18
2320,21,21
2321,15,15
2322,17,17
2323,17,17
2324,8,8
2325,4,4
2326,29,29
2327,2,2
2328,15,15
2329,18,18
2330,19,19
2331,29,29
2332,4,4
2333,10,10
2334,20,20
2335,7,7
2336,27,27
2337,6,6
2338,12,12
2339,34,34
2340,32,32
2341,13,13
2342,32,32
2343,24,24
2344,7,7
2345,19,19
2346,1,1
2347,17,17
2348,30,30
2349,32,32
2350,27,27
2351,31,31
2352,14,14
2353,19,19
2354,25,25
2355,1,1
2356,34,34
2357,22,22
2358,33,33
2359,18,18
2360,8,8
2361,23,23
2362,25,25
2363,34,34
2364,26,26
2365,3,3
2366,10,10
2367,16,16
2368,6,6
2369,16,16
2370,28,28
2371,16,16
2372,0,0
2373,14,14
2374,2,2
2375,28,28
2376,12,12
2377,12,12
2378,24,24
2379,28,28
2380,29,29
2381,19,19
2382,25,25
2383,21,21
2384,1,1
2385,0,0
2386,4,4
2387,3,3
2388,1,1
2389,8,8
2390,15,15
2391,31,31
2392,8,8
2393,11,11
2394,12,12
2395,32,32
2396,14,14
2397,30,30
2398,25,25
2399,21,21
2400,25,25
2401,19,19
2402,26,26
2403,34,34
2404,1,1
2405,11,11
2406,16,16
2407,6,6
2408,18,18
2409,29,29
2410,12,12
2411,3,3
2412,22,22
2413,23,23
2414,11,11
2415,25,25
2416,16,16
2417,21,21
2418,15,15
2419,29,29
2420,25,25
2421,18,18
2422,31,31
2423,18,18
2424,19,19
2425,3,3
2426,26,26
2427,9,9
2428,0,0
2429,34,34
2430,18,18
2431,7,7
2432,11,11
2433,6,6
2434,24,24
2435,27,20
2436,20,20
2437,17,17
2438,30,30
2439,27,27
2440,25,25
2441,9,9
2442,3,3
2443,6,6
2444,29,29
2445,26,26
2446,4,4
2447,22,22
2448,0,0
2449,2,2
2450,2,2
2451,32,32
2452,0,0
2453,0,0
2454,9,9
2455,28,28
2456,14,14
2457,3,3
2458,10,10
2459,4,4
2460,3,3
2461,34,34
2462,33,33
2463,6,6
2464,34,34
2465,17,17
2466,30,30
2467,24,24
2468,25,25
2469,7,7
2470,27,27
2471,10,10
2472,33,33
2473,30,30
2474,11,11
2475,5,5
2476,23,23
2477,6,6
2478,15,15
2479,28,28
2480,25,25
2481,13,13
2482,4,4
2483,14,14
2484,3,3
2485,11,11
2486,2,2
2487,8,8
2488,30,30
2489,24,24
2490,25,25
2491,12,12
2492,22,22
2493,17,17
2494,14,14
2495,27,27
2496,19,19
2497,30,30
2498,22,22
2499,12,12
2500,23,23
2501,7,7
2502,23,23
2503,13,13
2504,4,4
2505,3,3
2506,3,3
2507,31,31
2508,31,31
2509,23,23
2510,25,25
2511,4,4
2512,20,20
2513,31,31
2514,15,23
2515,11,11
2516,22,22
2517,12,12
2518,8,8
2519,18,18
2520,6,6
2521,18,18
2522,29,29
2523,7,7
2524,13,13
2525,26,26
2526,18,18
2527,19,19
2528,14,14
2529,17,17
2530,30,30
2531,9,9
2532,30,30
2533,14,14
2534,23,23
2535,19,19
2536,6,6
2537,3,3
2538,23,23
2539,16,16
2540,2,2
2541,2,2
2542,19,19
2543,14,14
2544,14,14
2545,8,8
2546,19,19
2547,1,1
2548,31,31
2549,5,5
2550,14,14
2551,12,12
2552,24,24
2553,20,20
2554,10,10
2555,2,2
2556,4,4
2557,14,14
2558,33,33
2559,15,15
2560,21,21
2561,13,13
2562,19,19
2563,9,9
2564,22,22
2565,18,18
2566,33,33
2567,15,15
2568,17,17
2569,18,18
2570,0,0
2571,27,27
2572,29,29
2573,3,3
2574,4,4
2575,24,24
2576,6,6
2577,29,29
2578,16,16
2579,25,25
2580,28,28
2581,27,27
2582,17,17
2583,5,5
2584,5,5
2585,22,22
2586,28,28
2587,27,27
2588,21,21
2589,12,12
2590,0,0
2591,14,14
2592,1,1
2593,3,3
2594,18,18
2595,4,4
2596,17,17
2597,7,7
2598,28,28
2599,29,29
2600,28,28
2601,3,3
2602,5,5
2603,27,27
2604,18,18
2605,8,8
2606,4,4
2607,34,34
2608,21,21
2609,17,17
2610,7,7
2611,23,6
2612,17,17
2613,29,29
2614,3,3
2615,32,32
2616,29,29
2617,0,0
2618,5,5
2619,31,31
2620,17,17
2621,11,11
2622,30,30
2623,29,29
2624,24,24
2625,33,33
2626,7,7
2627,26,26
2628,22,22
2629,14,14
2630,18,18
2631,8,8
2632,20,20
2633,23,23
2634,24,24
2635,0,0
2636,32,32
2637,26,26
2638,32,32
2639,34,34
2640,34,34
2641,31,31
2642,23,23
2643,10,10
2644,17,17
2645,15,15
2646,8,8
2647,10,10
2648,28,28
2649,2,2
2650,32,32
2651,20,20
2652,13,13
2653,19,19
2654,30,30
2655,26,26
2656,23,23
2657,4,4
2658,19,19
2659,34,34
2660,34,34
2661,15,15
2662,19,19
2663,33,33
2664,11,11
2665,1,1
2666,12,12
2667,18,18
2668,31,31
2669,22,22
2670,21,21
2671,13,13
2672,32,32
2673,27,27
2674,28,28
2675,30,30
2676,27,27
2677,26,26
2678,23,23
2679,33,33
2680,9,9
2681,25,25
2682,13,13
2683,30,30
2684,27,27
2685,27,27
2686,25,25
2687,14,14
2688,16,16
2689,24,24
2690,14,14
2691,13,13
2692,21,21
2693,10,10
2694,26,26
2695,1,1
2696,8,8
2697,33,33
2698,4,4
2699,17,17
2700,9,9
2701,25,25
2702,19,19
2703,19,19
2704,16,16
2705,31,31
2706,2,2
2707,11,11
2708,29,29
2709,32,32
2710,6,6
2711,32,32
2712,6,6
2713,21,21
2714,31,31
2715,14,14
2716,1,1
2717,24,24
2718,9,9
2719,14,14
2720,0,0
2721,1,1
2722,34,34
2723,27,27
2724,34,34
2725,0,0
2726,3,3
2727,8,8
2728,9,9
2729,19,19
2730,28,28
2731,28,28
2732,22,22
2733,4,4
2734,4,4
2735,32,32
2736,6,6
2737,1,1
2738,25,25
2739,28,28
2740,6,6
2741,18,18
2742,13,13
2743,6,6
2744,15,15
2745,15,15
2746,33,33
2747,3,3
2748,32,32
2749,23,23
2750,19,19
2751,11,11
2752,14,14
2753,23,30
2754,16,16
2755,3,3
2756,16,16
2757,7,7
2758,3,3
2759,3,3
2760,13,13
2761,18,18
2762,29,29
2763,28,28
2764,19,19
2765,24,24
2766,29,29
2767,29,29
2768,13,13
2769,20,20
2770,22,22
2771,11,11
2772,29,29
2773,33,33
2774,4,4
2775,25,25
2776,25,25
2777,11,11
2778,7,7
2779,3,3
2780,20,20
2781,31,31
2782,18,18
2783,3,3
2784,32,32
2785,15,15
2786,2,2
2787,23,11
2788,17,17
2789,9,9
2790,11,11
2791,20,20
2792,2,2
2793,19,19
2794,19,19
2795,11,11
2796,3,3
2797,22,22
2798,25,25
2799,16,16
2800,25,25
2801,0,0
2802,12,12
2803,13,13
2804,27,27
2805,19,19
2806,3,3
2807,19,19
2808,8,8
2809,5,5
2810,5,5
2811,24,24
2812,19,19
2813,0,0
2814,11,11
2815,5,5
2816,5,5
2817,16,16
2818,32,32
2819,22,22
2820,34,34
2821,2,2
2822,27,27
2823,20,20
2824,14,14
2825,25,25
2826,2,2
2827,18,18
2828,20,20
2829,33,33
2830,4,4
2831,8,8
2832,0,0
2833,27,27
2834,23,23
2835,20,20
2836,25,25
2837,6,6
2838,10,10
2839,27,27
2840,24,24
2841,24,24
2842,0,0
2843,30,30
2844,10,10
2845,26,26
2846,15,15
2847,15,15
2848,16,16
2849,15,15
2850,7,7
2851,32,32
2852,3,3
2853,33,33
2854,15,15
2855,27,27
2856,7,7
2857,19,19
2858,30,30
2859,28,28
2860,1,1
2861,16,16
2862,20,20
2863,27,27
2864,14,14
2865,8,8
2866,7,7
2867,7,7
2868,27,27
2869,31,31
2870,17,17
2871,33,33
2872,21,21
2873,6,6
2874,15,15
2875,8,8
2876,8,8
2877,11,11
2878,19,19
2879,21,21
2880,28,28
2881,8,8
2882,18,18
2883,33,33
2884,13,13
2885,33,33
2886,19,19
2887,26,26
2888,30,30
2889,12,12
2890,33,33
2891,27,27
2892,17,17
2893,3,3
2894,31,31
2895,16,16
2896,12,12
2897,9,9
2898,21,21
2899,15,15
2900,22,22
2901,31,31
2902,30,30
2903,16,16
2904,20,20
2905,3,3
2906,16,16
2907,6,6
2908,11,11
2909,9,9
2910,18,18
2911,24,24
2912,10,13
2913,5,5
2914,6,6
2915,15,15
2916,26,26
2917,31,31
2918,23,23
2919,25,25
2920,27,27
2921,8,8
2922,34,34
2923,1,1
2924,6,6
2925,30,30
2926,16,16
2927,12,12
2928,6,6
2929,24,24
2930,7,7
2931,25,25
2932,23,23
2933,33,33
2934,0,0
2935,11,11
2936,13,13
2937,19,19
2938,14,14
2939,28,28
2940,33,33
2941,25,25
2942,2,2
2943,11,11
2944,0,0
2945,14,14
2946,22,22
2947,16,16
2948,12,12
2949,15,15
2950,29,29
2951,16,16
2952,9,9
2953,21,21
2954,24,24
2955,10,10
2956,30,30
2957,29,29
2958,27,27
2959,28,28
2960,26,26
2961,6,6
2962,0,0
2963,21,21
2964,27,27
2965,34,34
2966,3,3
2967,23,23
2968,11,11
2969,10,10
2970,29,29
2971,6,6
2972,22,22
2973,19,19
2974,0,0
2975,8,8
2976,14,14
2977,31,31
2978,2,2
2979,2,2
2980,7,7
2981,34,34
2982,23,23
2983,32,32
2984,9,9
2985,25,25
2986,14,14
2987,29,29
2988,7,7
2989,15,15
2990,20,20
2991,23,23
2992,15,15
2993,6,6
2994,33,33
2995,25,25
2996,11,11
2997,0,0
2998,33,33
2999,33,33
3000,31,31
3001,14,14
3002,31,31
3003,29,29
3004,14,14
3005,3,3
3006,32,32
3007,6,6
3008,11,11
3009,2,2
3010,11,11
3011,13,13
3012,10,10
3013,30,30
3014,23,6
3015,15,15
3016,6,6
3017,3,3
3018,13,13
3019,28,28
3020,22,22
3021,9,9
3022,15,15
3023,12,12
3024,10,10
3025,34,34
3026,29,29
3027,13,13
3028,2,2
3029,13,13
3030,0,0
3031,33,33
3032,30,30
3033,27,27
3034,19,19
3035,12,12
3036,17,17
3037,20,20
3038,11,11
3039,12,12
3040,14,14
3041,24,24
3042,19,19
3043,3,3
3044,26,26
3045,12,12
3046,34,34
3047,5,5
3048,21,21
3049,6,6
3050,2,2
3051,16,16
3052,10,10
3053,8,8
3054,22,22
3055,9,9
3056,20,20
3057,2,2
3058,12,12
3059,1,1
3060,0,0
3061,14,14
3062,29,29
3063,2,2
3064,12,12
3065,34,34
3066,16,16
3067,32,32
3068,4,4
3069,21,21
3070,7,7
3071,1,1
3072,17,17
3073,11,11
3074,29,29
3075,9,9
3076,6,30
3077,25,25
3078,2,2
3079,2,2
3080,13,13
3081,6,6
3082,32,32
3083,15,15
3084,29,29
3085,31,31
3086,23,23
3087,5,5
3088,20,20
3089,3,3
3090,11,11
3091,0,0
3092,33,33
3093,28,28
3094,0,0
3095,11,11
3096,22,22
3097,13,13
3098,18,18
3099,31,31
3100,15,15
3101,13,13
3102,1,1
3103,32,32
3104,17,17
3105,34,34
3106,26,26
3107,21,21
3108,8,8
3109,31,31
3110,20,20
3111,12,12
3112,32,32
3113,27,27
3114,30,30
3115,34,34
3116,19,19
3117,31,31
3118,15,15
3119,34,34
3120,26,26
3121,22,22
3122,26,26
3123,14,14
3124,30,30
3125,19,19
3126,18,18
3127,29,29
3128,0,0
3129,18,18
3130,22,22
3131,12,12
3132,24,24
3133,32,32
3134,25,25
3135,4,4
3136,27,27
3137,18,18
3138,5,5
3139,2,2
3140,28,28
3141,9,9
3142,18,18
3143,17,17
3144,28,28
3145,3,3
3146,3,3
3147,8,8
3148,4,4
3149,16,16
3150,22,22
3151,11,11
3152,15,15
3153,18,18
3154,1,1
3155,33,33
3156,17,17
3157,20,20
3158,22,22
3159,34,34
3160,9,9
3161,28,28
3162,27,27
3163,34,34
3164,14,14
3165,27,27
3166,27,27
3167,22,22
3168,32,32
3169,8,8
3170,8,8
3171,28,28
3172,24,24
3173,8,8
3174,23,23
3175,0,0
3176,4,4
3177,10,10
3178,9,9
3179,4,4
3180,25,25
3181,3,3
3182,11,11
3183,27,27
3184,6,6
3185,32,32
3186,4,4
3187,31,31
3188,29,29
3189,21,21
3190,32,32
3191,17,17
3192,5,5
3193,0,0
3194,2,2
3195,19,19
3196,11,11
3197,7,7
3198,9,9
3199,3,3
3200,20,20
3201,24,24
3202,27,27
3203,8,8
3204,28,28
3205,10,10
3206,17,17
3207,15,15
3208,1,1
3209,23,23
3210,34,34
3211,30,30
3212,23,23
3213,27,27
3214,10,10
3215,0,0
3216,5,5
3217,15,15
3218,33,33
3219,22,22
3220,15,15
3221,6,6
3222,7,7
3223,24,24
3224,3,3
3225,34,34
3226,27,27
3227,13,13
3228,8,8
3229,15,15
3230,0,0
3231,24,24
3232,25,25
3233,0,0
3234,23,23
3235,32,32
3236,14,14
3237,7,7
3238,6,6
3239,20,20
3240,6,6
3241,24,24
3242,1,1
3243,16,16
3244,7,7
3245,10,10
3246,33,33
3247,26,26
3248,16,16
3249,5,5
3250,24,24
3251,18,18
3252,7,7
3253,29,29
3254,0,0
3255,31,31
3256,26,26
3257,0,0
3258,11,11
3259,29,29
3260,9,9
3261,25,25
3262,29,29
3263,0,0
3264,25,25
3265,14,14
3266,23,23
3267,14,14
3268,22,22
3269,24,24
3270,4,4
3271,25,25
3272,34,34
3273,18,18
3274,23,23
3275,13,13
3276,2,2
3277,29,29
3278,2,2
3279,23,23
3280,22,22
3281,0,0
3282,32,32
3283,31,31
3284,16,16
3285,31,31
3286,22,22
3287,7,7
3288,20,20
3289,12,12
3290,4,4
3291,19,19
3292,4,4
3293,25,25
3294,5,5
3295,21,21
3296,24,24
3297,15,15
3298,20,20
3299,4,4
3300,29,29
3301,3,3
3302,15,15
3303,15,15
3304,0,0
3305,0,0
3306,33,33
3307,14,14
3308,6,6
3309,33,33
3310,20,20
3311,27,27
3312,10,10
3313,5,5
3314,30,30
3315,1,1
3316,32,32
3317,22,22
3318,18,18
3319,27,27
3320,22,22
3321,21,21
3322,6,6
3323,10,10
3324,29,29
3325,11,11
3326,16,16
3327,29,29
3328,15,15
3329,7,7
3330,5,5
3331,32,32
3332,6,6
3333,0,0
3334,26,26
3335,17,17
3336,28,28
3337,9,9
3338,12,12
3339,6,6
3340,29,29
3341,5,5
3342,26,26
3343,22,22
3344,32,32
3345,14,14
3346,32,32
3347,21,21
3348,27,27
3349,26,26
3350,22,22
3351,16,16
3352,14,14
3353,14,14
3354,11,11
3355,22,22
3356,32,32
3357,9,9
3358,23,23
3359,1,1
3360,19,19
3361,3,3
3362,8,8
3363,34,34
3364,31,31
3365,29,29
3366,26,26
3367,0,0
3368,30,30
3369,7,7
3370,2,2
3371,15,15
3372,12,12
3373,21,21
3374,9,9
3375,6,6
3376,34,34
3377,16,16
3378,13,13
3379,28,28
3380,12,12
3381,12,12
3382,23,23
3383,11,11
3384,25,25
3385,29,29
3386,17,17
3387,26,26
3388,23,23
3389,23,6
3390,26,26
3391,10,10
3392,19,19
3393,4,4
3394,1,1
3395,18,18
3396,15,15
3397,10,10
3398,18,18
3399,31,31
3400,4,4
3401,32,32
3402,0,0
3403,20,20
3404,27,27
3405,2,2
3406,2,2
3407,11,11
3408,20,20
3409,32,32
3410,29,29
3411,8,8
3412,24,24
3413,34,34
3414,20,20
3415,16,16
3416,26,26
3417,26,26
3418,6,6
3419,10,10
3420,23,23
3421,33,33
3422,3,3
3423,29,29
3424,29,29
3425,26,26
3426,22,22
3427,1,1
3428,34,34
3429,28,28
3430,29,29
3431,11,11
3432,7,7
3433,19,19
3434,21,21
3435,1,1
3436,26,26
3437,7,7
3438,25,25
3439,0,0
3440,8,8
3441,21,21
3442,10,10
3443,11,11
3444,10,10
3445,3,3
3446,31,31
3447,30,30
3448,26,26
3449,25,25
3450,16,16
3451,4,4
3452,0,0
3453,13,13
3454,13,13
3455,25,25
3456,24,24
3457,21,21
3458,18,18
3459,28,28
3460,3,3
3461,34,34
3462,22,22
3463,6,6
3464,1,1
3465,4,4
3466,3,3
3467,2,2
3468,9,9
3469,31,31
3470,22,22
3471,30,30
3472,30,30
3473,15,15
3474,6,6
3475,19,19
3476,30,30
3477,30,30
3478,22,22
3479,1,1
3480,16,16
3481,5,5
3482,4,4
3483,30,30
3484,11,11
3485,12,12
3486,34,34
3487,23,23
3488,33,33
3489,6,6
3490,10,10
3491,2,2
3492,16,16
3493,34,34
3494,3,3
3495,14,14
3496,1,1
3497,24,24
3498,24,24
3499,19,10
3500,9,9
3501,24,24
3502,11,11
3503,32,32
3504,31,31
3505,2,2
3506,12,12
3507,21,21
3508,9,9
3509,32,32
3510,9,9
3511,23,23
3512,2,2
3513,29,29
3514,21,21
3515,28,28
3516,4,4
3517,23,23
3518,3,3
3519,18,18
3520,29,29
3521,34,34
3522,10,10
3523,17,17
3524,8,8
3525,8,8
3526,33,33
3527,34,34
3528,22,22
3529,6,6
3530,0,0
3531,31,31
3532,34,34
3533,19,19
3534,22,22
3535,16,16
3536,1,1
3537,12,12
3538,25,25
3539,13,13
3540,32,32
3541,24,24
3542,18,18
3543,15,15
3544,13,13
3545,33,33
3546,16,16
3547,15,15
3548,21,21
3549,5,5
3550,25,25
3551,29,29
3552,8,8
3553,20,20
3554,3,3
3555,26,26
3556,30,30
3557,19,19
3558,30,30
3559,3,3
3560,17,17
3561,5,5
3562,12,12
3563,13,13
3564,6,6
3565,20,20
3566,27,27
3567,34,34
3568,31,31
3569,22,22
3570,7,7
3571,5,5
3572,11,11
3573,34,34
3574,11,11
3575,8,8
3576,17,17
3577,30,30
3578,16,16
3579,4,4
3580,1,1
3581,2,2
3582,31,31
3583,19,19
3584,6,6
3585,13,13
3586,24,24
3587,18,18
3588,0,0
3589,33,33
3590,25,25
3591,28,28
3592,25,25
3593,2,2
3594,16,16
3595,20,20
3596,11,11
3597,19,19
3598,28,28
3599,19,19
3600,2,2
3601,6,6
3602,19,19
3603,8,8
3604,20,20
3605,33,33
3606,32,32
3607,19,10
3608,24,24
3609,3,3
3610,18,18
3611,25,25
3612,10,10
3613,24,24
3614,20,20
3615,30,30
3616,2,2
3617,24,24
3618,4,4
3619,13,13
3620,9,9
3621,15,15
3622,18,18
3623,5,5
3624,32,32
3625,26,26
3626,1,1
3627,11,11
3628,24,24
3629,1,1
3630,2,2
3631,8,8
3632,17,17
3633,28,28
3634,30,30
3635,21,21
3636,18,18
3637,16,16
3638,17,17
3639,17,17
3640,15,15
3641,23,23
3642,15,15
3643,13,13
3644,32,32
3645,16,16
3646,28,28
3647,8,8
3648,29,29
3649,22,22
3650,34,34
3651,19,19
3652,17,17
3653,9,9
3654,26,26
3655,31,31
3656,29,29
3657,29,29
3658,20,20
3659,8,8
3660,18,18
3661,9,9
3662,15,15
3663,22,22
3664,25,25
3665,15,15
3666,30,30
3667,12,12
3668,24,24
3669,22,22
3670,33,33
3671,31,31
3672,31,31
3673,30,30
3674,0,0
3675,9,9
3676,18,18
3677,2,2
3678,33,33
3679,8,8
3680,26,26
3681,27,27
3682,10,10
3683,31,31
3684,1,1
3685,9,9
3686,18,18
3687,13,13
3688,14,14
3689,27,27
3690,17,17
3691,6,6
3692,4,4
3693,7,7
3694,18,18
3695,9,9
3696,21,21
3697,29,29
3698,1,1
3699,28,28
3700,20,20
3701,18,18
3702,21,21
3703,22,22
3704,30,30
3705,18,18
3706,17,17
3707,34,34
3708,11,11
3709,26,26
3710,7,7
3711,6,6
3712,27,27
3713,32,32
3714,5,5
3715,9,9
3716,19,19
3717,3,3
3718,29,29
3719,9,9
3720,13,13
3721,10,10
3722,15,15
3723,8,8
3724,33,33
3725,32,32
3726,32,32
3727,14,14
3728,9,9
3729,8,8
3730,15,15
3731,14,14
3732,28,28
3733,4,4
3734,9,9
3735,21,21
3736,28,28
3737,29,29
3738,10,10
3739,22,22
3740,16,16
3741,14,14
3742,6,6
3743,5,5
3744,16,16
3745,28,28
3746,1,1
3747,24,24
3748,21,21
3749,16,16
3750,3,3
3751,1,1
3752,0,0
3753,8,8
3754,30,30
3755,20,20
3756,6,6
3757,32,32
3758,26,26
3759,13,13
3760,29,29
3761,1,1
3762,23,23
3763,7,7
3764,15,15
3765,34,34
3766,20,20
3767,30,30
3768,21,21
3769,15,15
3770,0,0
3771,28,28
3772,3,3
3773,3,3
3774,20,20
3775,4,4
3776,28,28
3777,7,7
3778,18,18
3779,11,23
3780,16,16
3781,5,5
3782,8,8
3783,12,12
3784,26,26
3785,13,13
3786,4,4
3787,20,20
3788,19,19
3789,1,1
3790,11,11
3791,25,25
3792,2,2
3793,28,28
3794,8,8
3795,32,32
3796,33,33
3797,1,1
3798,19,19
3799,1,1
3800,15,15
3801,2,2
3802,26,26
3803,28,28
3804,23,23
3805,30,30
3806,21,21
3807,10,10
3808,27,27
3809,12,12
3810,8,8
3811,1,1
3812,34,34
3813,0,0
3814,12,12
3815,15,15
3816,32,32
3817,15,15
3818,23,23
3819,4,4
3820,26,26
3821,23,23
3822,13,13
3823,21,21
3824,30,30
3825,5,5
3826,6,6
3827,11,11
3828,5,5
3829,5,5
3830,24,24
3831,34,34
3832,31,31
3833,24,24
3834,27,27
3835,33,33
3836,4,4
3837,25,25
3838,31,31
3839,20,20
3840,2,2
3841,6,6
3842,28,28
3843,2,2
3844,10,10
3845,19,19
3846,7,7
3847,0,0
3848,21,21
3849,28,28
3850,3,3
3851,9,9
3852,12,12
3853,18,18
3854,34,34
3855,18,18
3856,21,21
3857,7,7
3858,7,7
3859,5,5
3860,28,28
3861,26,26
3862,3,3
3863,23,23
3864,5,5
3865,5,5
3866,29,29
3867,29,29
3868,29,29
3869,12,12
3870,27,27
3871,31,31
3872,18,18
3873,21,21
3874,29,29
3875,10,10
3876,13,13
3877,5,5
3878,10,10
3879,0,0
3880,3,3
3881,12,12
3882,20,20
3883,3,3
3884,34,34
3885,32,32
3886,24,24
3887,28,28
3888,22,22
3889,12,12
3890,32,32
3891,8,8
3892,4,4
3893,6,6
3894,21,21
3895,12,12
3896,24,24
3897,16,16
3898,27,27
3899,24,24
3900,29,29
3901,18,18
3902,20,20
3903,25,25
3904,21,21
3905,16,16
3906,4,4
3907,15,15
3908,31,31
3909,1,1
3910,26,26
3911,13,13
3912,9,9
3913,21,21
3914,17,17
3915,3,3
3916,6,6
3917,0,0
3918,6,6
3919,20,20
3920,33,33
3921,10,10
3922,31,31
3923,29,29
3924,11,11
3925,1,1
3926,4,4
3927,27,27
3928,10,10
3929,12,12
3930,8,8
3931,18,18
3932,2,2
3933,14,14
3934,9,9
3935,11,11
3936,1,1
3937,7,7
3938,14,14
3939,20,20
3940,32,32
3941,6,6
3942,11,11
3943,18,18
3944,23,23
3945,18,18
3946,27,27
3947,17,17
3948,14,14
3949,22,22
3950,12,12
3951,1,1
3952,1,1
3953,17,17
3954,15,15
3955,33,33
3956,12,12
3957,26,26
3958,33,33
3959,10,10
3960,28,28
3961,5,5
3962,17,17
3963,10,10
3964,24,24
3965,17,17
3966,12,12
3967,15,15
3968,2,2
3969,14,14
3970,31,31
3971,31,31
3972,26,26
3973,12,12
3974,18,18
3975,3,3
3976,2,2
3977,25,25
3978,21,21
3979,3,3
3980,0,0
3981,4,4
3982,22,22
3983,2,2
3984,11,11
3985,32,32
3986,16,16
3987,9,9
3988,2,2
3989,12,12
3990,2,2
3991,7,7
3992,34,34
3993,22,22
3994,2,2
3995,1,1
3996,11,11
3997,17,17
3998,31,31
3999,27,27
4000,0,0
4001,23,23
4002,11,11
4003,16,16
4004,5,5
4005,9,9
4006,10,10
4007,5,5
4008,9,9
4009,27,27
4010,11,11
4011,20,20
4012,24,24
4013,28,28
4014,19,19
4015,33,33
4016,8,8
4017,16,16
4018,7,7
4019,2,2
4020,30,30
4021,27,27
4022,31,31
4023,14,14
4024,33,33
4025,5,5
4026,29,29
4027,12,12
4028,4,4
4029,1,1
4030,11,11
4031,7,7
4032,22,22
4033,9,9
4034,1,1
4035,16,16
4036,1,1
4037,32,32
4038,19,19
4039,0,0
4040,4,4
4041,8,8
4042,2,2
4043,19,19
4044,1,1
4045,10,10
4046,34,34
4047,14,14
4048,32,32
4049,28,28
4050,21,21
4051,18,18
4052,30,30
4053,34,34
4054,9,9
4055,13,13
4056,5,5
4057,17,17
4058,12,12
4059,30,30
4060,23,23
4061,10,10
4062,20,20
4063,17,17
4064,29,29
4065,15,15
4066,6,6
4067,34,34
4068,22,22
4069,9,9
4070,33,33
4071,1,1
4072,28,28
4073,20,20
4074,6,6
4075,22,22
4076,8,8
4077,14,14
4078,25,25
4079,13,13
4080,4,4
4081,15,15
4082,22,22
4083,34,34
4084,10,10
4085,12,12
4086,23,23
4087,25,25
4088,10,10
4089,16,16
4090,13,13
4091,34,34
4092,24,24
4093,26,26
4094,30,30
4095,31,31
4096,28,28
4097,16,16
4098,12,12
4099,17,17
4100,19,19
4101,2,2
4102,10,10
4103,26,26
4104,5,5
4105,9,9
4106,17,17
4107,20,20
4108,7,7
4109,7,7
4110,32,32
4111,27,27
4112,22,22
4113,2,2
4114,16,16
4115,28,28
4116,22,22
4117,27,27
4118,31,31
4119,18,18
4120,6,6
4121,0,0
4122,23,23
4123,8,8
4124,26,26
4125,4,4
4126,25,25
4127,9,9
4128,7,7
4129,26,26
4130,25,25
4131,25,25
4132,14,14
4133,2,2
4134,25,25
4135,26,26
4136,17,17
4137,9,9
4138,29,29
4139,28,28
4140,9,9
4141,29,29
4142,7,7
4143,29,23
4144,31,31
4145,7,7
4146,15,15
4147,23,23
4148,11,11
4149,3,3
4150,2,2
4151,22,22
4152,21,21
4153,30,30
4154,27,27
4155,33,33
4156,2,2
4157,3,3
4158,27,27
4159,25,25
4160,34,34
4161,21,21
4162,6,6
4163,7,7
4164,33,33
4165,24,24
4166,12,12
4167,9,9
4168,14,14
4169,4,4
4170,22,22
4171,13,13
4172,6,6
4173,13,13
4174,10,10
4175,28,28
4176,34,34
4177,32,32
4178,21,21
4179,22,22
4180,4,4
4181,25,25
4182,34,34
4183,13,13
4184,30,30
4185,28,28
4186,5,5
4187,0,0
4188,10,10
4189,21,21
4190,32,32
4191,23,23
4192,19,19
4193,23,23
4194,30,30
4195,20,20
4196,27,27
4197,6,6
4198,23,23
4199,18,18
4200,12,12
